insert into tipo_movilidad(id_tipo_movilidad, status, text_user, text_host, descripcion) values(1,1,'test_user','text_host','descripcion');
insert into tipo_movilidad(id_tipo_movilidad, status, text_user, text_host, descripcion) values(	2	,	'tuser'		'thost',	'teleferico'	);
insert into tipo_movilidad(id_tipo_movilidad, status, text_user, text_host, descripcion) values(	3	,	'tuser'		'thost',	'pumakatari'	);

select * from tipo_movilidad;


insert into movilidad(id_movilidad, status, text_user, text_host, id_tipo_movilidad) values(	1	,	1	,	'tuser'		'thost'	,	3	);
insert into movilidad(id_movilidad, status, text_user, text_host, id_tipo_movilidad) values(	2	,	1	,	'tuser'	,	'thost'	,	2	);
insert into movilidad(id_movilidad, status, text_user, text_host, id_tipo_movilidad) values(	3	,	1	,	'tuser'	,	'thost'	,	2	);
insert into movilidad(id_movilidad, status, text_user, text_host, id_tipo_movilidad) values(	4	,	1	,	'tuser'	,	'thost'	,	2	);
insert into movilidad(id_movilidad, status, text_user, text_host, id_tipo_movilidad) values(	5	,	1	,	'tuser'	,	'thost'	,	1	);
insert into movilidad(id_movilidad, status, text_user, text_host, id_tipo_movilidad) values(	6	,	1	,	'tuser'	,	'thost'	,	2	);
insert into movilidad(id_movilidad, status, text_user, text_host, id_tipo_movilidad) values(	7	,	1	,	'tuser'	,	'thost'	,	2	);
insert into movilidad(id_movilidad, status, text_user, text_host, id_tipo_movilidad) values(	8	,	1	,	'tuser'	,	'thost'	,	1	);
insert into movilidad(id_movilidad, status, text_user, text_host, id_tipo_movilidad) values(	9	,	1	,	'tuser'	,	'thost'	,	1	);
insert into movilidad(id_movilidad, status, text_user, text_host, id_tipo_movilidad) values(	10	,	1	,	'tuser'	,	'thost'	,	1	);
insert into movilidad(id_movilidad, status, text_user, text_host, id_tipo_movilidad) values(	11	,	1	,	'tuser'	,	'thost'	,	1	);
insert into movilidad(id_movilidad, status, text_user, text_host, id_tipo_movilidad) values(	12	,	1	,	'tuser'	,	'thost'	,	2	);
insert into movilidad(id_movilidad, status, text_user, text_host, id_tipo_movilidad) values(	13	,	1	,	'tuser'	,	'thost'	,	1	);
insert into movilidad(id_movilidad, status, text_user, text_host, id_tipo_movilidad) values(	14	,	1	,	'tuser'	,	'thost'	,	3	);
insert into movilidad(id_movilidad, status, text_user, text_host, id_tipo_movilidad) values(	15	,	1	,	'tuser'	,	'thost'	,	3	);
insert into movilidad(id_movilidad, status, text_user, text_host, id_tipo_movilidad) values(	16	,	1	,	'tuser'	,	'thost'	,	2	);
insert into movilidad(id_movilidad, status, text_user, text_host, id_tipo_movilidad) values(	17	,	1	,	'tuser'	,	'thost'	,	1	);
insert into movilidad(id_movilidad, status, text_user, text_host, id_tipo_movilidad) values(	18	,	1	,	'tuser'	,	'thost'	,	1	);
insert into movilidad(id_movilidad, status, text_user, text_host, id_tipo_movilidad) values(	19	,	1	,	'tuser'	,	'thost'	,	3	);
insert into movilidad(id_movilidad, status, text_user, text_host, id_tipo_movilidad) values(	20	,	1	,	'tuser'	,	'thost'	,	2	);
insert into movilidad(id_movilidad, status, text_user, text_host, id_tipo_movilidad) values(	21	,	1	,	'tuser'	,	'thost'	,	1	);
insert into movilidad(id_movilidad, status, text_user, text_host, id_tipo_movilidad) values(	22	,	1	,	'tuser'	,	'thost'	,	3	);
insert into movilidad(id_movilidad, status, text_user, text_host, id_tipo_movilidad) values(	23	,	1	,	'tuser'	,	'thost'	,	3	);
insert into movilidad(id_movilidad, status, text_user, text_host, id_tipo_movilidad) values(	24	,	1	,	'tuser'	,	'thost'	,	3	);
insert into movilidad(id_movilidad, status, text_user, text_host, id_tipo_movilidad) values(	25	,	1	,	'tuser'	,	'thost'	,	1	);
insert into movilidad(id_movilidad, status, text_user, text_host, id_tipo_movilidad) values(	26	,	1	,	'tuser'	,	'thost'	,	2	);
insert into movilidad(id_movilidad, status, text_user, text_host, id_tipo_movilidad) values(	27	,	1	,	'tuser'	,	'thost'	,	1	);
insert into movilidad(id_movilidad, status, text_user, text_host, id_tipo_movilidad) values(	28	,	1	,	'tuser'	,	'thost'	,	3	);
insert into movilidad(id_movilidad, status, text_user, text_host, id_tipo_movilidad) values(	29	,	1	,	'tuser'	,	'thost'	,	3	);
insert into movilidad(id_movilidad, status, text_user, text_host, id_tipo_movilidad) values(	30	,	1	,	'tuser'	,	'thost'	,	3	);
insert into movilidad(id_movilidad, status, text_user, text_host, id_tipo_movilidad) values(	31	,	1	,	'tuser'	,	'thost'	,	3	);
insert into movilidad(id_movilidad, status, text_user, text_host, id_tipo_movilidad) values(	32	,	1	,	'tuser'	,	'thost'	,	3	);
insert into movilidad(id_movilidad, status, text_user, text_host, id_tipo_movilidad) values(	33	,	1	,	'tuser'	,	'thost'	,	3	);
insert into movilidad(id_movilidad, status, text_user, text_host, id_tipo_movilidad) values(	34	,	1	,	'tuser'	,	'thost'	,	3	);
insert into movilidad(id_movilidad, status, text_user, text_host, id_tipo_movilidad) values(	35	,	1	,	'tuser'	,	'thost'	,	2	);
insert into movilidad(id_movilidad, status, text_user, text_host, id_tipo_movilidad) values(	36	,	1	,	'tuser'	,	'thost'	,	2	);
insert into movilidad(id_movilidad, status, text_user, text_host, id_tipo_movilidad) values(	37	,	1	,	'tuser'	,	'thost'	,	2	);
insert into movilidad(id_movilidad, status, text_user, text_host, id_tipo_movilidad) values(	38	,	1	,	'tuser'	,	'thost'	,	1	);
insert into movilidad(id_movilidad, status, text_user, text_host, id_tipo_movilidad) values(	39	,	1	,	'tuser'	,	'thost'	,	2	);
insert into movilidad(id_movilidad, status, text_user, text_host, id_tipo_movilidad) values(	40	,	1	,	'tuser'	,	'thost'	,	3	);
insert into movilidad(id_movilidad, status, text_user, text_host, id_tipo_movilidad) values(	41	,	1	,	'tuser'	,	'thost'	,	2	);
insert into movilidad(id_movilidad, status, text_user, text_host, id_tipo_movilidad) values(	42	,	1	,	'tuser'	,	'thost'	,	2	);
insert into movilidad(id_movilidad, status, text_user, text_host, id_tipo_movilidad) values(	43	,	1	,	'tuser'	,	'thost'	,	2	);
insert into movilidad(id_movilidad, status, text_user, text_host, id_tipo_movilidad) values(	44	,	1	,	'tuser'	,	'thost'	,	1	);
insert into movilidad(id_movilidad, status, text_user, text_host, id_tipo_movilidad) values(	45	,	1	,	'tuser'	,	'thost'	,	1	);
insert into movilidad(id_movilidad, status, text_user, text_host, id_tipo_movilidad) values(	46	,	1	,	'tuser'	,	'thost'	,	2	);
insert into movilidad(id_movilidad, status, text_user, text_host, id_tipo_movilidad) values(	47	,	1	,	'tuser'	,	'thost'	,	2	);
insert into movilidad(id_movilidad, status, text_user, text_host, id_tipo_movilidad) values(	48	,	1	,	'tuser'	,	'thost'	,	2	);
insert into movilidad(id_movilidad, status, text_user, text_host, id_tipo_movilidad) values(	49	,	1	,	'tuser'	,	'thost'	,	3	);
insert into movilidad(id_movilidad, status, text_user, text_host, id_tipo_movilidad) values(	50	,	1	,	'tuser'	,	'thost'	,	1	);


select * from movilidad;

insert into parada(id_parada, status, text_user, text_host, Nombre_Parada, latitud, longitud) values(	1	,	1	,	'tuser'	,	'thost'	,	'parada 1'	,	2.81902946469	,	-1.39050457252	);
insert into parada(id_parada, status, text_user, text_host, Nombre_Parada, latitud, longitud) values(	2	,	1	,	'tuser'	,	'thost'	,	'parada 2'	,	1.65502269675	,	1.13924513732	);
insert into parada(id_parada, status, text_user, text_host, Nombre_Parada, latitud, longitud) values(	3	,	1	,	'tuser'	,	'thost'	,	'parada 3'	,	-2.76897618412	,	1.35071482829	);
insert into parada(id_parada, status, text_user, text_host, Nombre_Parada, latitud, longitud) values(	4	,	1	,	'tuser'	,	'thost'	,	'parada 4'	,	0.38479689850	,	-2.76173030064	);
insert into parada(id_parada, status, text_user, text_host, Nombre_Parada, latitud, longitud) values(	5	,	1	,	'tuser'	,	'thost'	,	'parada 5'	,	-2.03058490665	,	2.60719775636	);
insert into parada(id_parada, status, text_user, text_host, Nombre_Parada, latitud, longitud) values(	6	,	1	,	'tuser'	,	'thost'	,	'parada 6'	,	1.50548797866	,	-0.59311634721	);
insert into parada(id_parada, status, text_user, text_host, Nombre_Parada, latitud, longitud) values(	7	,	1	,	'tuser'	,	'thost'	,	'parada 7'	,	1.28659152984	,	1.52854989076	);
insert into parada(id_parada, status, text_user, text_host, Nombre_Parada, latitud, longitud) values(	8	,	1	,	'tuser'	,	'thost'	,	'parada 8'	,	0.67489853989	,	0.95641079606	);
insert into parada(id_parada, status, text_user, text_host, Nombre_Parada, latitud, longitud) values(	9	,	1	,	'tuser'	,	'thost'	,	'parada 9'	,	-0.19286644781	,	0.00005622773	);
insert into parada(id_parada, status, text_user, text_host, Nombre_Parada, latitud, longitud) values(	10	,	1	,	'tuser'	,	'thost'	,	'parada 10'	,	-2.04871425093	,	-0.30561492681	);
insert into parada(id_parada, status, text_user, text_host, Nombre_Parada, latitud, longitud) values(	11	,	1	,	'tuser'	,	'thost'	,	'parada 11'	,	-2.07643528642	,	-0.72402107764	);
insert into parada(id_parada, status, text_user, text_host, Nombre_Parada, latitud, longitud) values(	12	,	1	,	'tuser'	,	'thost'	,	'parada 12'	,	2.44759726080	,	-2.94756804565	);
insert into parada(id_parada, status, text_user, text_host, Nombre_Parada, latitud, longitud) values(	13	,	1	,	'tuser'	,	'thost'	,	'parada 13'	,	0.03002763574	,	-0.60641476880	);
insert into parada(id_parada, status, text_user, text_host, Nombre_Parada, latitud, longitud) values(	14	,	1	,	'tuser'	,	'thost'	,	'parada 14'	,	1.63514858351	,	0.94295076983	);
insert into parada(id_parada, status, text_user, text_host, Nombre_Parada, latitud, longitud) values(	15	,	1	,	'tuser'	,	'thost'	,	'parada 15'	,	-1.92009724502	,	-1.91917893365	);
insert into parada(id_parada, status, text_user, text_host, Nombre_Parada, latitud, longitud) values(	16	,	1	,	'tuser'	,	'thost'	,	'parada 16'	,	-0.81389465338	,	-0.35336871563	);
insert into parada(id_parada, status, text_user, text_host, Nombre_Parada, latitud, longitud) values(	17	,	1	,	'tuser'	,	'thost'	,	'parada 17'	,	1.72593635463	,	-0.74140763165	);
insert into parada(id_parada, status, text_user, text_host, Nombre_Parada, latitud, longitud) values(	18	,	1	,	'tuser'	,	'thost'	,	'parada 18'	,	-1.36525235183	,	1.74059889188	);
insert into parada(id_parada, status, text_user, text_host, Nombre_Parada, latitud, longitud) values(	19	,	1	,	'tuser'	,	'thost'	,	'parada 19'	,	0.33919995919	,	-1.64273565063	);
insert into parada(id_parada, status, text_user, text_host, Nombre_Parada, latitud, longitud) values(	20	,	1	,	'tuser'	,	'thost'	,	'parada 20'	,	2.38408714792	,	-1.33160212368	);
insert into parada(id_parada, status, text_user, text_host, Nombre_Parada, latitud, longitud) values(	21	,	1	,	'tuser'	,	'thost'	,	'parada 21'	,	0.19856741066	,	-0.94915576234	);
insert into parada(id_parada, status, text_user, text_host, Nombre_Parada, latitud, longitud) values(	22	,	1	,	'tuser'	,	'thost'	,	'parada 22'	,	-0.00468928564	,	-1.61182692617	);
insert into parada(id_parada, status, text_user, text_host, Nombre_Parada, latitud, longitud) values(	23	,	1	,	'tuser'	,	'thost'	,	'parada 23'	,	-2.45119335218	,	0.32677364045	);
insert into parada(id_parada, status, text_user, text_host, Nombre_Parada, latitud, longitud) values(	24	,	1	,	'tuser'	,	'thost'	,	'parada 24'	,	1.19267334413	,	2.52957039995	);
insert into parada(id_parada, status, text_user, text_host, Nombre_Parada, latitud, longitud) values(	25	,	1	,	'tuser'	,	'thost'	,	'parada 25'	,	-0.33514549386	,	-2.62244274103	);
insert into parada(id_parada, status, text_user, text_host, Nombre_Parada, latitud, longitud) values(	26	,	1	,	'tuser'	,	'thost'	,	'parada 6'	,	-0.79521753583	,	0.41820238190	);
insert into parada(id_parada, status, text_user, text_host, Nombre_Parada, latitud, longitud) values(	27	,	1	,	'tuser'	,	'thost'	,	'parada 7'	,	-1.85155607281	,	0.21079776852	);
insert into parada(id_parada, status, text_user, text_host, Nombre_Parada, latitud, longitud) values(	28	,	1	,	'tuser'	,	'thost'	,	'parada 8'	,	2.27324710537	,	2.11658035248	);
insert into parada(id_parada, status, text_user, text_host, Nombre_Parada, latitud, longitud) values(	29	,	1	,	'tuser'	,	'thost'	,	'parada 9'	,	2.22861904606	,	-1.28308935722	);
insert into parada(id_parada, status, text_user, text_host, Nombre_Parada, latitud, longitud) values(	30	,	1	,	'tuser'	,	'thost'	,	'parada 1'	,	-1.34214498344	,	0.65793896844	);
insert into parada(id_parada, status, text_user, text_host, Nombre_Parada, latitud, longitud) values(	31	,	1	,	'tuser'	,	'thost'	,	'parada 1'	,	2.07641230646	,	0.94591411294	);
insert into parada(id_parada, status, text_user, text_host, Nombre_Parada, latitud, longitud) values(	32	,	1	,	'tuser'	,	'thost'	,	'parada 1'	,	-0.78796715620	,	2.36529012971	);
insert into parada(id_parada, status, text_user, text_host, Nombre_Parada, latitud, longitud) values(	33	,	1	,	'tuser'	,	'thost'	,	'parada 1'	,	1.92773730256	,	2.60297630942	);
insert into parada(id_parada, status, text_user, text_host, Nombre_Parada, latitud, longitud) values(	34	,	1	,	'tuser'	,	'thost'	,	'parada 1'	,	0.87340140931	,	0.13031233884	);
insert into parada(id_parada, status, text_user, text_host, Nombre_Parada, latitud, longitud) values(	35	,	1	,	'tuser'	,	'thost'	,	'parada 1'	,	1.66559887742	,	0.56090234595	);
insert into parada(id_parada, status, text_user, text_host, Nombre_Parada, latitud, longitud) values(	36	,	1	,	'tuser'	,	'thost'	,	'parada 1'	,	0.05444171016	,	0.96784848633	);
insert into parada(id_parada, status, text_user, text_host, Nombre_Parada, latitud, longitud) values(	37	,	1	,	'tuser'	,	'thost'	,	'parada 1'	,	-6.45765870000	,	29.3974277	);
insert into parada(id_parada, status, text_user, text_host, Nombre_Parada, latitud, longitud) values(	38	,	1	,	'tuser'	,	'thost'	,	'parada 1'	,	-24.06251180000	,	-17.6172970	);
insert into parada(id_parada, status, text_user, text_host, Nombre_Parada, latitud, longitud) values(	39	,	1	,	'tuser'	,	'thost'	,	'parada 1'	,	-21.81712440000	,	18.8178411	);
insert into parada(id_parada, status, text_user, text_host, Nombre_Parada, latitud, longitud) values(	40	,	1	,	'tuser'	,	'thost'	,	'parada 1'	,	8.06531340000	,	28.0229202	);
insert into parada(id_parada, status, text_user, text_host, Nombre_Parada, latitud, longitud) values(	41	,	1	,	'tuser'	,	'thost'	,	'parada 1'	,	7.39351490000	,	-21.6159562	);
insert into parada(id_parada, status, text_user, text_host, Nombre_Parada, latitud, longitud) values(	42	,	1	,	'tuser'	,	'thost'	,	'parada 1'	,	-24.97113330000	,	-17.2403418	);
insert into parada(id_parada, status, text_user, text_host, Nombre_Parada, latitud, longitud) values(	43	,	1	,	'tuser'	,	'thost'	,	'parada 1'	,	19.81164340000	,	-8.4321872	);
insert into parada(id_parada, status, text_user, text_host, Nombre_Parada, latitud, longitud) values(	44	,	1	,	'tuser'	,	'thost'	,	'parada 1'	,	28.63167890000	,	-7.7166991	);
insert into parada(id_parada, status, text_user, text_host, Nombre_Parada, latitud, longitud) values(	45	,	1	,	'tuser'	,	'thost'	,	'parada 1'	,	18.40451030000	,	28.4515275	);
insert into parada(id_parada, status, text_user, text_host, Nombre_Parada, latitud, longitud) values(	46	,	1	,	'tuser'	,	'thost'	,	'parada 1'	,	-24.63015370000	,	-15.3279042	);
insert into parada(id_parada, status, text_user, text_host, Nombre_Parada, latitud, longitud) values(	47	,	1	,	'tuser'	,	'thost'	,	'parada 1'	,	22.57433290000	,	-16.1557701	);
insert into parada(id_parada, status, text_user, text_host, Nombre_Parada, latitud, longitud) values(	48	,	1	,	'tuser'	,	'thost'	,	'parada 1'	,	-25.86195760000	,	-6.9761428	);
insert into parada(id_parada, status, text_user, text_host, Nombre_Parada, latitud, longitud) values(	49	,	1	,	'tuser'	,	'thost'	,	'parada 1'	,	18.88624780000	,	12.3783927	);
insert into parada(id_parada, status, text_user, text_host, Nombre_Parada, latitud, longitud) values(	50	,	1	,	'tuser'	,	'thost'	,	'parada 1'	,	-28.58083550000	,	11.4310466	);

select * from parada;


insert into ruta(id_ruta, status, text_user, text_host, id_origen, id_dllegada) values(	1	,	1	,	'tuser'	,	'thost'	,	22	,	15	);
insert into ruta(id_ruta, status, text_user, text_host, id_origen, id_dllegada) values(	2	,	1	,	'tuser'	,	'thost'	,	1	,	14	);
insert into ruta(id_ruta, status, text_user, text_host, id_origen, id_dllegada) values(	3	,	1	,	'tuser'	,	'thost'	,	24	,	3	);
insert into ruta(id_ruta, status, text_user, text_host, id_origen, id_dllegada) values(	4	,	1	,	'tuser'	,	'thost'	,	10	,	22	);
insert into ruta(id_ruta, status, text_user, text_host, id_origen, id_dllegada) values(	5	,	1	,	'tuser'	,	'thost'	,	23	,	12	);
insert into ruta(id_ruta, status, text_user, text_host, id_origen, id_dllegada) values(	6	,	1	,	'tuser'	,	'thost'	,	6	,	25	);
insert into ruta(id_ruta, status, text_user, text_host, id_origen, id_dllegada) values(	7	,	1	,	'tuser'	,	'thost'	,	1	,	14	);
insert into ruta(id_ruta, status, text_user, text_host, id_origen, id_dllegada) values(	8	,	1	,	'tuser'	,	'thost'	,	14	,	14	);
insert into ruta(id_ruta, status, text_user, text_host, id_origen, id_dllegada) values(	9	,	1	,	'tuser'	,	'thost'	,	23	,	16	);
insert into ruta(id_ruta, status, text_user, text_host, id_origen, id_dllegada) values(	10	,	1	,	'tuser'	,	'thost'	,	14	,	2	);
insert into ruta(id_ruta, status, text_user, text_host, id_origen, id_dllegada) values(	11	,	1	,	'tuser'	,	'thost'	,	15	,	14	);
insert into ruta(id_ruta, status, text_user, text_host, id_origen, id_dllegada) values(	12	,	1	,	'tuser'	,	'thost'	,	17	,	7	);
insert into ruta(id_ruta, status, text_user, text_host, id_origen, id_dllegada) values(	13	,	1	,	'tuser'	,	'thost'	,	19	,	14	);
insert into ruta(id_ruta, status, text_user, text_host, id_origen, id_dllegada) values(	14	,	1	,	'tuser'	,	'thost'	,	25	,	18	);
insert into ruta(id_ruta, status, text_user, text_host, id_origen, id_dllegada) values(	15	,	1	,	'tuser'	,	'thost'	,	23	,	10	);
insert into ruta(id_ruta, status, text_user, text_host, id_origen, id_dllegada) values(	16	,	1	,	'tuser'	,	'thost'	,	7	,	17	);
insert into ruta(id_ruta, status, text_user, text_host, id_origen, id_dllegada) values(	17	,	1	,	'tuser'	,	'thost'	,	15	,	6	);
insert into ruta(id_ruta, status, text_user, text_host, id_origen, id_dllegada) values(	18	,	1	,	'tuser'	,	'thost'	,	3	,	19	);
insert into ruta(id_ruta, status, text_user, text_host, id_origen, id_dllegada) values(	19	,	1	,	'tuser'	,	'thost'	,	7	,	5	);
insert into ruta(id_ruta, status, text_user, text_host, id_origen, id_dllegada) values(	20	,	1	,	'tuser'	,	'thost'	,	17	,	24	);
insert into ruta(id_ruta, status, text_user, text_host, id_origen, id_dllegada) values(	21	,	1	,	'tuser'	,	'thost'	,	16	,	18	);
insert into ruta(id_ruta, status, text_user, text_host, id_origen, id_dllegada) values(	22	,	1	,	'tuser'	,	'thost'	,	8	,	23	);
insert into ruta(id_ruta, status, text_user, text_host, id_origen, id_dllegada) values(	23	,	1	,	'tuser'	,	'thost'	,	16	,	21	);
insert into ruta(id_ruta, status, text_user, text_host, id_origen, id_dllegada) values(	24	,	1	,	'tuser'	,	'thost'	,	23	,	11	);
insert into ruta(id_ruta, status, text_user, text_host, id_origen, id_dllegada) values(	25	,	1	,	'tuser'	,	'thost'	,	20	,	22	);
insert into ruta(id_ruta, status, text_user, text_host, id_origen, id_dllegada) values(	26	,	1	,	'tuser'	,	'thost'	,	24	,	4	);
insert into ruta(id_ruta, status, text_user, text_host, id_origen, id_dllegada) values(	27	,	1	,	'tuser'	,	'thost'	,	10	,	10	);
insert into ruta(id_ruta, status, text_user, text_host, id_origen, id_dllegada) values(	28	,	1	,	'tuser'	,	'thost'	,	19	,	5	);
insert into ruta(id_ruta, status, text_user, text_host, id_origen, id_dllegada) values(	29	,	1	,	'tuser'	,	'thost'	,	21	,	3	);
insert into ruta(id_ruta, status, text_user, text_host, id_origen, id_dllegada) values(	30	,	1	,	'tuser'	,	'thost'	,	4	,	18	);
insert into ruta(id_ruta, status, text_user, text_host, id_origen, id_dllegada) values(	31	,	1	,	'tuser'	,	'thost'	,	14	,	7	);
insert into ruta(id_ruta, status, text_user, text_host, id_origen, id_dllegada) values(	32	,	1	,	'tuser'	,	'thost'	,	17	,	18	);
insert into ruta(id_ruta, status, text_user, text_host, id_origen, id_dllegada) values(	33	,	1	,	'tuser'	,	'thost'	,	1	,	12	);
insert into ruta(id_ruta, status, text_user, text_host, id_origen, id_dllegada) values(	34	,	1	,	'tuser'	,	'thost'	,	15	,	9	);
insert into ruta(id_ruta, status, text_user, text_host, id_origen, id_dllegada) values(	35	,	1	,	'tuser'	,	'thost'	,	11	,	21	);
insert into ruta(id_ruta, status, text_user, text_host, id_origen, id_dllegada) values(	36	,	1	,	'tuser'	,	'thost'	,	1	,	23	);
insert into ruta(id_ruta, status, text_user, text_host, id_origen, id_dllegada) values(	37	,	1	,	'tuser'	,	'thost'	,	14	,	22	);
insert into ruta(id_ruta, status, text_user, text_host, id_origen, id_dllegada) values(	38	,	1	,	'tuser'	,	'thost'	,	17	,	15	);
insert into ruta(id_ruta, status, text_user, text_host, id_origen, id_dllegada) values(	39	,	1	,	'tuser'	,	'thost'	,	15	,	9	);
insert into ruta(id_ruta, status, text_user, text_host, id_origen, id_dllegada) values(	40	,	1	,	'tuser'	,	'thost'	,	16	,	1	);
insert into ruta(id_ruta, status, text_user, text_host, id_origen, id_dllegada) values(	41	,	1	,	'tuser'	,	'thost'	,	23	,	6	);
insert into ruta(id_ruta, status, text_user, text_host, id_origen, id_dllegada) values(	42	,	1	,	'tuser'	,	'thost'	,	8	,	6	);
insert into ruta(id_ruta, status, text_user, text_host, id_origen, id_dllegada) values(	43	,	1	,	'tuser'	,	'thost'	,	20	,	10	);
insert into ruta(id_ruta, status, text_user, text_host, id_origen, id_dllegada) values(	44	,	1	,	'tuser'	,	'thost'	,	10	,	5	);
insert into ruta(id_ruta, status, text_user, text_host, id_origen, id_dllegada) values(	45	,	1	,	'tuser'	,	'thost'	,	17	,	8	);
insert into ruta(id_ruta, status, text_user, text_host, id_origen, id_dllegada) values(	46	,	1	,	'tuser'	,	'thost'	,	9	,	13	);
insert into ruta(id_ruta, status, text_user, text_host, id_origen, id_dllegada) values(	47	,	1	,	'tuser'	,	'thost'	,	2	,	20	);
insert into ruta(id_ruta, status, text_user, text_host, id_origen, id_dllegada) values(	48	,	1	,	'tuser'	,	'thost'	,	5	,	20	);
insert into ruta(id_ruta, status, text_user, text_host, id_origen, id_dllegada) values(	49	,	1	,	'tuser'	,	'thost'	,	20	,	13	);
insert into ruta(id_ruta, status, text_user, text_host, id_origen, id_dllegada) values(	50	,	1	,	'tuser'	,	'thost'	,	25	,	15	);
insert into ruta(id_ruta, status, text_user, text_host, id_origen, id_dllegada) values(	51	,	1	,	'tuser'	,	'thost'	,	4	,	17	);
insert into ruta(id_ruta, status, text_user, text_host, id_origen, id_dllegada) values(	52	,	1	,	'tuser'	,	'thost'	,	4	,	24	);
insert into ruta(id_ruta, status, text_user, text_host, id_origen, id_dllegada) values(	53	,	1	,	'tuser'	,	'thost'	,	19	,	12	);
insert into ruta(id_ruta, status, text_user, text_host, id_origen, id_dllegada) values(	54	,	1	,	'tuser'	,	'thost'	,	22	,	16	);
insert into ruta(id_ruta, status, text_user, text_host, id_origen, id_dllegada) values(	55	,	1	,	'tuser'	,	'thost'	,	22	,	22	);
insert into ruta(id_ruta, status, text_user, text_host, id_origen, id_dllegada) values(	56	,	1	,	'tuser'	,	'thost'	,	20	,	6	);
insert into ruta(id_ruta, status, text_user, text_host, id_origen, id_dllegada) values(	57	,	1	,	'tuser'	,	'thost'	,	13	,	8	);
insert into ruta(id_ruta, status, text_user, text_host, id_origen, id_dllegada) values(	58	,	1	,	'tuser'	,	'thost'	,	15	,	18	);
insert into ruta(id_ruta, status, text_user, text_host, id_origen, id_dllegada) values(	59	,	1	,	'tuser'	,	'thost'	,	1	,	5	);
insert into ruta(id_ruta, status, text_user, text_host, id_origen, id_dllegada) values(	60	,	1	,	'tuser'	,	'thost'	,	24	,	1	);
insert into ruta(id_ruta, status, text_user, text_host, id_origen, id_dllegada) values(	61	,	1	,	'tuser'	,	'thost'	,	3	,	20	);
insert into ruta(id_ruta, status, text_user, text_host, id_origen, id_dllegada) values(	62	,	1	,	'tuser'	,	'thost'	,	12	,	13	);
insert into ruta(id_ruta, status, text_user, text_host, id_origen, id_dllegada) values(	63	,	1	,	'tuser'	,	'thost'	,	23	,	14	);
insert into ruta(id_ruta, status, text_user, text_host, id_origen, id_dllegada) values(	64	,	1	,	'tuser'	,	'thost'	,	23	,	24	);
insert into ruta(id_ruta, status, text_user, text_host, id_origen, id_dllegada) values(	65	,	1	,	'tuser'	,	'thost'	,	6	,	11	);
insert into ruta(id_ruta, status, text_user, text_host, id_origen, id_dllegada) values(	66	,	1	,	'tuser'	,	'thost'	,	23	,	6	);
insert into ruta(id_ruta, status, text_user, text_host, id_origen, id_dllegada) values(	67	,	1	,	'tuser'	,	'thost'	,	17	,	22	);
insert into ruta(id_ruta, status, text_user, text_host, id_origen, id_dllegada) values(	68	,	1	,	'tuser'	,	'thost'	,	9	,	2	);
insert into ruta(id_ruta, status, text_user, text_host, id_origen, id_dllegada) values(	69	,	1	,	'tuser'	,	'thost'	,	3	,	24	);
insert into ruta(id_ruta, status, text_user, text_host, id_origen, id_dllegada) values(	70	,	1	,	'tuser'	,	'thost'	,	25	,	14	);
insert into ruta(id_ruta, status, text_user, text_host, id_origen, id_dllegada) values(	71	,	1	,	'tuser'	,	'thost'	,	6	,	10	);
insert into ruta(id_ruta, status, text_user, text_host, id_origen, id_dllegada) values(	72	,	1	,	'tuser'	,	'thost'	,	14	,	18	);
insert into ruta(id_ruta, status, text_user, text_host, id_origen, id_dllegada) values(	73	,	1	,	'tuser'	,	'thost'	,	20	,	7	);
insert into ruta(id_ruta, status, text_user, text_host, id_origen, id_dllegada) values(	74	,	1	,	'tuser'	,	'thost'	,	15	,	2	);
insert into ruta(id_ruta, status, text_user, text_host, id_origen, id_dllegada) values(	75	,	1	,	'tuser'	,	'thost'	,	19	,	17	);
insert into ruta(id_ruta, status, text_user, text_host, id_origen, id_dllegada) values(	76	,	1	,	'tuser'	,	'thost'	,	14	,	22	);
insert into ruta(id_ruta, status, text_user, text_host, id_origen, id_dllegada) values(	77	,	1	,	'tuser'	,	'thost'	,	15	,	6	);
insert into ruta(id_ruta, status, text_user, text_host, id_origen, id_dllegada) values(	78	,	1	,	'tuser'	,	'thost'	,	23	,	17	);
insert into ruta(id_ruta, status, text_user, text_host, id_origen, id_dllegada) values(	79	,	1	,	'tuser'	,	'thost'	,	6	,	19	);
insert into ruta(id_ruta, status, text_user, text_host, id_origen, id_dllegada) values(	80	,	1	,	'tuser'	,	'thost'	,	20	,	21	);
insert into ruta(id_ruta, status, text_user, text_host, id_origen, id_dllegada) values(	81	,	1	,	'tuser'	,	'thost'	,	14	,	8	);
insert into ruta(id_ruta, status, text_user, text_host, id_origen, id_dllegada) values(	82	,	1	,	'tuser'	,	'thost'	,	3	,	20	);
insert into ruta(id_ruta, status, text_user, text_host, id_origen, id_dllegada) values(	83	,	1	,	'tuser'	,	'thost'	,	13	,	21	);
insert into ruta(id_ruta, status, text_user, text_host, id_origen, id_dllegada) values(	84	,	1	,	'tuser'	,	'thost'	,	25	,	16	);
insert into ruta(id_ruta, status, text_user, text_host, id_origen, id_dllegada) values(	85	,	1	,	'tuser'	,	'thost'	,	22	,	9	);
insert into ruta(id_ruta, status, text_user, text_host, id_origen, id_dllegada) values(	86	,	1	,	'tuser'	,	'thost'	,	9	,	21	);
insert into ruta(id_ruta, status, text_user, text_host, id_origen, id_dllegada) values(	87	,	1	,	'tuser'	,	'thost'	,	21	,	10	);
insert into ruta(id_ruta, status, text_user, text_host, id_origen, id_dllegada) values(	88	,	1	,	'tuser'	,	'thost'	,	3	,	25	);
insert into ruta(id_ruta, status, text_user, text_host, id_origen, id_dllegada) values(	89	,	1	,	'tuser'	,	'thost'	,	17	,	16	);
insert into ruta(id_ruta, status, text_user, text_host, id_origen, id_dllegada) values(	90	,	1	,	'tuser'	,	'thost'	,	22	,	18	);
insert into ruta(id_ruta, status, text_user, text_host, id_origen, id_dllegada) values(	91	,	1	,	'tuser'	,	'thost'	,	17	,	12	);
insert into ruta(id_ruta, status, text_user, text_host, id_origen, id_dllegada) values(	92	,	1	,	'tuser'	,	'thost'	,	18	,	14	);
insert into ruta(id_ruta, status, text_user, text_host, id_origen, id_dllegada) values(	93	,	1	,	'tuser'	,	'thost'	,	8	,	8	);
insert into ruta(id_ruta, status, text_user, text_host, id_origen, id_dllegada) values(	94	,	1	,	'tuser'	,	'thost'	,	9	,	20	);
insert into ruta(id_ruta, status, text_user, text_host, id_origen, id_dllegada) values(	95	,	1	,	'tuser'	,	'thost'	,	18	,	23	);
insert into ruta(id_ruta, status, text_user, text_host, id_origen, id_dllegada) values(	96	,	1	,	'tuser'	,	'thost'	,	4	,	16	);
insert into ruta(id_ruta, status, text_user, text_host, id_origen, id_dllegada) values(	97	,	1	,	'tuser'	,	'thost'	,	7	,	13	);
insert into ruta(id_ruta, status, text_user, text_host, id_origen, id_dllegada) values(	98	,	1	,	'tuser'	,	'thost'	,	17	,	7	);
insert into ruta(id_ruta, status, text_user, text_host, id_origen, id_dllegada) values(	99	,	1	,	'tuser'	,	'thost'	,	8	,	21	);
insert into ruta(id_ruta, status, text_user, text_host, id_origen, id_dllegada) values(	100	,	1	,	'tuser'	,	'thost'	,	15	,	23	);

select * from ruta;

insert into movilidad_ruta(id_movilidad_ruta, status, text_user, text_host, id_movilidad, id_ruta) values(	1	,	1	,	'tuser'	,	'thost'	,	21	,	72	);
insert into movilidad_ruta(id_movilidad_ruta, status, text_user, text_host, id_movilidad, id_ruta) values(	2	,	1	,	'tuser'	,	'thost'	,	13	,	47	);
insert into movilidad_ruta(id_movilidad_ruta, status, text_user, text_host, id_movilidad, id_ruta) values(	3	,	1	,	'tuser'	,	'thost'	,	27	,	69	);
insert into movilidad_ruta(id_movilidad_ruta, status, text_user, text_host, id_movilidad, id_ruta) values(	4	,	1	,	'tuser'	,	'thost'	,	11	,	2	);
insert into movilidad_ruta(id_movilidad_ruta, status, text_user, text_host, id_movilidad, id_ruta) values(	5	,	1	,	'tuser'	,	'thost'	,	37	,	61	);
insert into movilidad_ruta(id_movilidad_ruta, status, text_user, text_host, id_movilidad, id_ruta) values(	6	,	1	,	'tuser'	,	'thost'	,	20	,	42	);
insert into movilidad_ruta(id_movilidad_ruta, status, text_user, text_host, id_movilidad, id_ruta) values(	7	,	1	,	'tuser'	,	'thost'	,	5	,	90	);
insert into movilidad_ruta(id_movilidad_ruta, status, text_user, text_host, id_movilidad, id_ruta) values(	8	,	1	,	'tuser'	,	'thost'	,	3	,	12	);
insert into movilidad_ruta(id_movilidad_ruta, status, text_user, text_host, id_movilidad, id_ruta) values(	9	,	1	,	'tuser'	,	'thost'	,	8	,	90	);
insert into movilidad_ruta(id_movilidad_ruta, status, text_user, text_host, id_movilidad, id_ruta) values(	10	,	1	,	'tuser'	,	'thost'	,	1	,	85	);
insert into movilidad_ruta(id_movilidad_ruta, status, text_user, text_host, id_movilidad, id_ruta) values(	11	,	1	,	'tuser'	,	'thost'	,	8	,	94	);
insert into movilidad_ruta(id_movilidad_ruta, status, text_user, text_host, id_movilidad, id_ruta) values(	12	,	1	,	'tuser'	,	'thost'	,	23	,	29	);
insert into movilidad_ruta(id_movilidad_ruta, status, text_user, text_host, id_movilidad, id_ruta) values(	13	,	1	,	'tuser'	,	'thost'	,	35	,	53	);
insert into movilidad_ruta(id_movilidad_ruta, status, text_user, text_host, id_movilidad, id_ruta) values(	14	,	1	,	'tuser'	,	'thost'	,	24	,	40	);
insert into movilidad_ruta(id_movilidad_ruta, status, text_user, text_host, id_movilidad, id_ruta) values(	15	,	1	,	'tuser'	,	'thost'	,	32	,	12	);
insert into movilidad_ruta(id_movilidad_ruta, status, text_user, text_host, id_movilidad, id_ruta) values(	16	,	1	,	'tuser'	,	'thost'	,	3	,	24	);
insert into movilidad_ruta(id_movilidad_ruta, status, text_user, text_host, id_movilidad, id_ruta) values(	17	,	1	,	'tuser'	,	'thost'	,	16	,	82	);
insert into movilidad_ruta(id_movilidad_ruta, status, text_user, text_host, id_movilidad, id_ruta) values(	18	,	1	,	'tuser'	,	'thost'	,	4	,	43	);
insert into movilidad_ruta(id_movilidad_ruta, status, text_user, text_host, id_movilidad, id_ruta) values(	19	,	1	,	'tuser'	,	'thost'	,	29	,	15	);
insert into movilidad_ruta(id_movilidad_ruta, status, text_user, text_host, id_movilidad, id_ruta) values(	20	,	1	,	'tuser'	,	'thost'	,	19	,	30	);
insert into movilidad_ruta(id_movilidad_ruta, status, text_user, text_host, id_movilidad, id_ruta) values(	21	,	1	,	'tuser'	,	'thost'	,	8	,	80	);
insert into movilidad_ruta(id_movilidad_ruta, status, text_user, text_host, id_movilidad, id_ruta) values(	22	,	1	,	'tuser'	,	'thost'	,	44	,	56	);
insert into movilidad_ruta(id_movilidad_ruta, status, text_user, text_host, id_movilidad, id_ruta) values(	23	,	1	,	'tuser'	,	'thost'	,	50	,	40	);
insert into movilidad_ruta(id_movilidad_ruta, status, text_user, text_host, id_movilidad, id_ruta) values(	24	,	1	,	'tuser'	,	'thost'	,	32	,	46	);
insert into movilidad_ruta(id_movilidad_ruta, status, text_user, text_host, id_movilidad, id_ruta) values(	25	,	1	,	'tuser'	,	'thost'	,	45	,	12	);
insert into movilidad_ruta(id_movilidad_ruta, status, text_user, text_host, id_movilidad, id_ruta) values(	26	,	1	,	'tuser'	,	'thost'	,	42	,	46	);
insert into movilidad_ruta(id_movilidad_ruta, status, text_user, text_host, id_movilidad, id_ruta) values(	27	,	1	,	'tuser'	,	'thost'	,	7	,	37	);
insert into movilidad_ruta(id_movilidad_ruta, status, text_user, text_host, id_movilidad, id_ruta) values(	28	,	1	,	'tuser'	,	'thost'	,	13	,	17	);
insert into movilidad_ruta(id_movilidad_ruta, status, text_user, text_host, id_movilidad, id_ruta) values(	29	,	1	,	'tuser'	,	'thost'	,	21	,	11	);
insert into movilidad_ruta(id_movilidad_ruta, status, text_user, text_host, id_movilidad, id_ruta) values(	30	,	1	,	'tuser'	,	'thost'	,	18	,	32	);
insert into movilidad_ruta(id_movilidad_ruta, status, text_user, text_host, id_movilidad, id_ruta) values(	31	,	1	,	'tuser'	,	'thost'	,	13	,	25	);
insert into movilidad_ruta(id_movilidad_ruta, status, text_user, text_host, id_movilidad, id_ruta) values(	32	,	1	,	'tuser'	,	'thost'	,	2	,	75	);
insert into movilidad_ruta(id_movilidad_ruta, status, text_user, text_host, id_movilidad, id_ruta) values(	33	,	1	,	'tuser'	,	'thost'	,	49	,	22	);
insert into movilidad_ruta(id_movilidad_ruta, status, text_user, text_host, id_movilidad, id_ruta) values(	34	,	1	,	'tuser'	,	'thost'	,	49	,	91	);
insert into movilidad_ruta(id_movilidad_ruta, status, text_user, text_host, id_movilidad, id_ruta) values(	35	,	1	,	'tuser'	,	'thost'	,	36	,	85	);
insert into movilidad_ruta(id_movilidad_ruta, status, text_user, text_host, id_movilidad, id_ruta) values(	36	,	1	,	'tuser'	,	'thost'	,	25	,	90	);
insert into movilidad_ruta(id_movilidad_ruta, status, text_user, text_host, id_movilidad, id_ruta) values(	37	,	1	,	'tuser'	,	'thost'	,	46	,	62	);
insert into movilidad_ruta(id_movilidad_ruta, status, text_user, text_host, id_movilidad, id_ruta) values(	38	,	1	,	'tuser'	,	'thost'	,	42	,	75	);
insert into movilidad_ruta(id_movilidad_ruta, status, text_user, text_host, id_movilidad, id_ruta) values(	39	,	1	,	'tuser'	,	'thost'	,	33	,	41	);
insert into movilidad_ruta(id_movilidad_ruta, status, text_user, text_host, id_movilidad, id_ruta) values(	40	,	1	,	'tuser'	,	'thost'	,	37	,	33	);
insert into movilidad_ruta(id_movilidad_ruta, status, text_user, text_host, id_movilidad, id_ruta) values(	41	,	1	,	'tuser'	,	'thost'	,	29	,	21	);
insert into movilidad_ruta(id_movilidad_ruta, status, text_user, text_host, id_movilidad, id_ruta) values(	42	,	1	,	'tuser'	,	'thost'	,	19	,	4	);
insert into movilidad_ruta(id_movilidad_ruta, status, text_user, text_host, id_movilidad, id_ruta) values(	43	,	1	,	'tuser'	,	'thost'	,	49	,	92	);
insert into movilidad_ruta(id_movilidad_ruta, status, text_user, text_host, id_movilidad, id_ruta) values(	44	,	1	,	'tuser'	,	'thost'	,	30	,	64	);
insert into movilidad_ruta(id_movilidad_ruta, status, text_user, text_host, id_movilidad, id_ruta) values(	45	,	1	,	'tuser'	,	'thost'	,	38	,	5	);
insert into movilidad_ruta(id_movilidad_ruta, status, text_user, text_host, id_movilidad, id_ruta) values(	46	,	1	,	'tuser'	,	'thost'	,	31	,	85	);
insert into movilidad_ruta(id_movilidad_ruta, status, text_user, text_host, id_movilidad, id_ruta) values(	47	,	1	,	'tuser'	,	'thost'	,	46	,	58	);
insert into movilidad_ruta(id_movilidad_ruta, status, text_user, text_host, id_movilidad, id_ruta) values(	48	,	1	,	'tuser'	,	'thost'	,	23	,	92	);
insert into movilidad_ruta(id_movilidad_ruta, status, text_user, text_host, id_movilidad, id_ruta) values(	49	,	1	,	'tuser'	,	'thost'	,	45	,	4	);
insert into movilidad_ruta(id_movilidad_ruta, status, text_user, text_host, id_movilidad, id_ruta) values(	50	,	1	,	'tuser'	,	'thost'	,	3	,	13	);


select * from movilidad_ruta;
